{"cameraMode":{"drawMode":0,"name":"Shaded","section":"Shading Mode"},"sceneLighting":false,"audioPlay":false,"sceneViewState":{"showFog":true,"showMaterialUpdate":false,"showSkybox":false,"showFlares":true,"showImageEffects":true,"showParticleSystems":true},"in2DMode":false,"pivot":{"x":8.829894065856934,"y":16.38765525817871,"z":-0.6020638942718506},"rotation":{"x":-0.09018556773662567,"y":0.6550711393356323,"z":-0.07919324934482575,"w":-0.7459877729415894},"size":22.563997268676759,"orthographic":false}