{"cameraMode":{"drawMode":0,"name":"Shaded","section":"Shading Mode"},"sceneLighting":false,"audioPlay":false,"sceneViewState":{"showFog":true,"showMaterialUpdate":false,"showSkybox":false,"showFlares":true,"showImageEffects":true,"showParticleSystems":true},"in2DMode":false,"pivot":{"x":1.3270000219345093,"y":1.6674540042877198,"z":-5.168291091918945},"rotation":{"x":-0.004800283815711737,"y":0.9940233826637268,"z":-0.09753631055355072,"w":-0.04894525185227394},"size":1.1451692581176758,"orthographic":false}